Naser almusaileet,Abdullah alameerah,Youssef Almusailit,Bader alsafak,Naser Alghanim,Saad khaled,Bader Khalaf,Othman almusaileet,Mohammad AlMasilit,AlMefreh,Bujoda13,Aziz,Abdulhadi aljabaah,Ali Almusaileet,Mohanna AlMesaileet
FC Barcelona,Liverpool FC,FC Barcelona,FC Barcelona,Manchester City FC,Liverpool FC,Real Madrid CF,Real Madrid CF,FC Bayern München,Liverpool FC,Paris Saint-Germain FC,Liverpool FC,FC Barcelona,FC Barcelona,FC Barcelona
Manchester City FC,FC Barcelona,Liverpool FC,Arsenal FC,Liverpool FC,Real Madrid CF,FC Barcelona,Liverpool FC,Manchester City FC,Real Madrid CF,Chelsea FC,Paris Saint-Germain FC,Paris Saint-Germain FC,FC Bayern München,FC Bayern München
Liverpool FC,Arsenal FC,Real Madrid CF,Real Madrid CF,Arsenal FC,FC Bayern München,FC Bayern München,FC Bayern München,FC Barcelona,Paris Saint-Germain FC,Bayer 04 Leverkusen,Real Madrid CF,FC Bayern München,Liverpool FC,Liverpool FC
FC Bayern München,Manchester City FC,Manchester City FC,Liverpool FC,Juventus FC,Paris Saint-Germain FC,Juventus FC,FC Barcelona,SSC Napoli,Arsenal FC,Club Atlético de Madrid,FC Bayern München,Manchester City FC,Real Madrid CF,Paris Saint-Germain FC
Real Madrid CF,Chelsea FC,Chelsea FC,Chelsea FC,FC Bayern München,FC Barcelona,Chelsea FC,Chelsea FC,Liverpool FC,Chelsea FC,FC Barcelona,Manchester City FC,Real Madrid CF,Arsenal FC,Real Madrid CF
Paris Saint-Germain FC,Real Madrid CF,Paris Saint-Germain FC,SSC Napoli,Real Madrid CF,Manchester City FC,Liverpool FC,Paris Saint-Germain FC,Juventus FC,FC Barcelona,Real Madrid CF,FC Barcelona,Arsenal FC,Paris Saint-Germain FC,Manchester City FC
Arsenal FC,Paris Saint-Germain FC,SSC Napoli,Paris Saint-Germain FC,Paris Saint-Germain FC,Arsenal FC,Manchester City FC,Arsenal FC,Real Madrid CF,FC Bayern München,Liverpool FC,Chelsea FC,Club Atlético de Madrid,Chelsea FC,FC Internazionale Milano
FC Internazionale Milano,Club Atlético de Madrid,FC Bayern München,FC Bayern München,FC Barcelona,Chelsea FC,Paris Saint-Germain FC,Club Atlético de Madrid,Chelsea FC,Newcastle United FC,Arsenal FC,Arsenal FC,Borussia Dortmund,Club Atlético de Madrid,Arsenal FC
Club Atlético de Madrid,FC Internazionale Milano,Club Atlético de Madrid,Manchester City FC,SSC Napoli,FC Internazionale Milano,Arsenal FC,Manchester City FC,FC Internazionale Milano,Borussia Dortmund,SSC Napoli,FC Internazionale Milano,Liverpool FC,Manchester City FC,Club Atlético de Madrid
Chelsea FC,FC Bayern München,Athletic Club,FC Internazionale Milano,Tottenham Hotspur FC,SSC Napoli,Tottenham Hotspur FC,Juventus FC,Tottenham Hotspur FC,SSC Napoli,Juventus FC,Juventus FC,Chelsea FC,FC Internazionale Milano,SSC Napoli
Juventus FC,Juventus FC,Arsenal FC,Sport Lisboa e Benfica,Chelsea FC,Club Atlético de Madrid,Newcastle United FC,Athletic Club,Club Atlético de Madrid,Club Atlético de Madrid,Atalanta BC,Newcastle United FC,FC Internazionale Milano,Borussia Dortmund,Juventus FC
Borussia Dortmund,SSC Napoli,Borussia Dortmund,Atalanta BC,Borussia Dortmund,Juventus FC,FC Internazionale Milano,SSC Napoli,Arsenal FC,FC Internazionale Milano,Manchester City FC,Tottenham Hotspur FC,Atalanta BC,Juventus FC,Chelsea FC
Bayer 04 Leverkusen,Tottenham Hotspur FC,AS Monaco FC,Eintracht Frankfurt,Club Atlético de Madrid,Newcastle United FC,Eintracht Frankfurt,Tottenham Hotspur FC,Paris Saint-Germain FC,Manchester City FC,FC Internazionale Milano,SSC Napoli,Juventus FC,Newcastle United FC,Tottenham Hotspur FC
SSC Napoli,Borussia Dortmund,Bayer 04 Leverkusen,AFC Ajax,Newcastle United FC,Tottenham Hotspur FC,Villarreal CF,Borussia Dortmund,Borussia Dortmund,Tottenham Hotspur FC,FC Bayern München,Club Atlético de Madrid,AFC Ajax,Tottenham Hotspur FC,Bayer 04 Leverkusen
Atalanta BC,Newcastle United FC,AFC Ajax,AS Monaco FC,Athletic Club,Sporting Clube de Portugal,FK Bodø/Glimt,Bayer 04 Leverkusen,Newcastle United FC,Sporting Clube de Portugal,AFC Ajax,Bayer 04 Leverkusen,Newcastle United FC,SSC Napoli,Sport Lisboa e Benfica
Sport Lisboa e Benfica,AFC Ajax,Atalanta BC,Borussia Dortmund,AS Monaco FC,Sport Lisboa e Benfica,AFC Ajax,Newcastle United FC,Atalanta BC,Atalanta BC,Sporting Clube de Portugal,Borussia Dortmund,AS Monaco FC,Villarreal CF,Borussia Dortmund
Newcastle United FC,Bayer 04 Leverkusen,Club Brugge KV,Club Atlético de Madrid,Eintracht Frankfurt,Borussia Dortmund,Borussia Dortmund,SK Slavia Praha,Villarreal CF,Juventus FC,Athletic Club,Atalanta BC,Athletic Club,Bayer 04 Leverkusen,Galatasaray SK
Tottenham Hotspur FC,Sport Lisboa e Benfica,Eintracht Frankfurt,Bayer 04 Leverkusen,Atalanta BC,Olympique de Marseille,Club Atlético de Madrid,Eintracht Frankfurt,Sport Lisboa e Benfica,Sport Lisboa e Benfica,Borussia Dortmund,AFC Ajax,Sport Lisboa e Benfica,Eintracht Frankfurt,Newcastle United FC
Athletic Club,Atalanta BC,Newcastle United FC,Tottenham Hotspur FC,Bayer 04 Leverkusen,Athletic Club,Bayer 04 Leverkusen,AS Monaco FC,Eintracht Frankfurt,Club Brugge KV,Tottenham Hotspur FC,AS Monaco FC,Galatasaray SK,Atalanta BC,Athletic Club
Olympique de Marseille,AS Monaco FC,Juventus FC,Juventus FC,AFC Ajax,Atalanta BC,AS Monaco FC,Atalanta BC,Bayer 04 Leverkusen,Villarreal CF,PSV,Olympique de Marseille,Eintracht Frankfurt,Athletic Club,Sporting Clube de Portugal
AS Monaco FC,Athletic Club,Olympique de Marseille,Newcastle United FC,Galatasaray SK,Galatasaray SK,SK Slavia Praha,AFC Ajax,AFC Ajax,AFC Ajax,Villarreal CF,Athletic Club,Bayer 04 Leverkusen,Sporting Clube de Portugal,Olympique de Marseille
Eintracht Frankfurt,PSV,FC Internazionale Milano,Sporting Clube de Portugal,FC Internazionale Milano,Bayer 04 Leverkusen,Sporting Clube de Portugal,Galatasaray SK,Athletic Club,Athletic Club,Newcastle United FC,Villarreal CF,Tottenham Hotspur FC,Olympique de Marseille,AFC Ajax
AFC Ajax,Villarreal CF,Galatasaray SK,PSV,Sport Lisboa e Benfica,AFC Ajax,SSC Napoli,FC Internazionale Milano,Galatasaray SK,Bayer 04 Leverkusen,AS Monaco FC,Eintracht Frankfurt,Olympique de Marseille,Sport Lisboa e Benfica,AS Monaco FC
Villarreal CF,Olympique de Marseille,FC København,Villarreal CF,Sporting Clube de Portugal,Villarreal CF,PSV,Olympique de Marseille,Olympique de Marseille,PSV,Club Brugge KV,Galatasaray SK,Sporting Clube de Portugal,AFC Ajax,PAE Olympiakos SFP
Sporting Clube de Portugal,Club Brugge KV,FK Bodø/Glimt,FC København,PSV,Eintracht Frankfurt,PAE Olympiakos SFP,PSV,Club Brugge KV,AS Monaco FC,Eintracht Frankfurt,Sporting Clube de Portugal,SSC Napoli,PSV,Atalanta BC
PAE Olympiakos SFP,Eintracht Frankfurt,PSV,Club Brugge KV,Olympique de Marseille,PSV,Paphos FC,PAE Olympiakos SFP,AS Monaco FC,Eintracht Frankfurt,FK Bodø/Glimt,Club Brugge KV,Royale Union Saint-Gilloise,AS Monaco FC,Eintracht Frankfurt
FC København,FC København,FK Kairat,Athletic Club,FC København,PAE Olympiakos SFP,Olympique de Marseille,Sport Lisboa e Benfica,Sporting Clube de Portugal,FK Kairat,FC København,PSV,Villarreal CF,Club Brugge KV,PSV
Galatasaray SK,FK Kairat,PAE Olympiakos SFP,Galatasaray SK,Villarreal CF,Royale Union Saint-Gilloise,Galatasaray SK,Villarreal CF,PAE Olympiakos SFP,FK Bodø/Glimt,FK Kairat,FK Kairat,Club Brugge KV,Galatasaray SK,Villarreal CF
PSV,Galatasaray SK,Qarabağ Ağdam FK,Olympique de Marseille,Royale Union Saint-Gilloise,SK Slavia Praha,Sport Lisboa e Benfica,Club Brugge KV,SK Slavia Praha,FC København,Galatasaray SK,FC København,FC København,SK Slavia Praha,FK Bodø/Glimt
SK Slavia Praha,Sporting Clube de Portugal,Paphos FC,PAE Olympiakos SFP,Club Brugge KV,Qarabağ Ağdam FK,Qarabağ Ağdam FK,FC København,PSV,Galatasaray SK,Olympique de Marseille,Sport Lisboa e Benfica,FK Bodø/Glimt,PAE Olympiakos SFP,Club Brugge KV
Club Brugge KV,Qarabağ Ağdam FK,Sport Lisboa e Benfica,FK Bodø/Glimt,FK Bodø/Glimt,AS Monaco FC,Atalanta BC,Royale Union Saint-Gilloise,FC København,PAE Olympiakos SFP,Sport Lisboa e Benfica,FK Bodø/Glimt,FK Kairat,FC København,SK Slavia Praha
Royale Union Saint-Gilloise,FK Bodø/Glimt,SK Slavia Praha,Qarabağ Ağdam FK,PAE Olympiakos SFP,Club Brugge KV,Royale Union Saint-Gilloise,FK Bodø/Glimt,Royale Union Saint-Gilloise,Paphos FC,Qarabağ Ağdam FK,Qarabağ Ağdam FK,PAE Olympiakos SFP,Qarabağ Ağdam FK,FC København
Paphos FC,SK Slavia Praha,Sporting Clube de Portugal,SK Slavia Praha,FK Kairat,FC København,Athletic Club,Paphos FC,FK Bodø/Glimt,Olympique de Marseille,SK Slavia Praha,Paphos FC,Paphos FC,FK Bodø/Glimt,Royale Union Saint-Gilloise
FK Kairat,PAE Olympiakos SFP,Tottenham Hotspur FC,FK Kairat,SK Slavia Praha,FK Bodø/Glimt,FC København,Sporting Clube de Portugal,FK Kairat,SK Slavia Praha,Paphos FC,PAE Olympiakos SFP,PSV,FK Kairat,Qarabağ Ağdam FK
FK Bodø/Glimt,Paphos FC,Royale Union Saint-Gilloise,Royale Union Saint-Gilloise,Qarabağ Ağdam FK,FK Kairat,FK Kairat,Qarabağ Ağdam FK,Qarabağ Ağdam FK,Qarabağ Ağdam FK,Royale Union Saint-Gilloise,SK Slavia Praha,Qarabağ Ağdam FK,Royale Union Saint-Gilloise,Paphos FC
Qarabağ Ağdam FK,Royale Union Saint-Gilloise,Villarreal CF,Paphos FC,Paphos FC,Paphos FC,Club Brugge KV,FK Kairat,Paphos FC,Royale Union Saint-Gilloise,PAE Olympiakos SFP,Royale Union Saint-Gilloise,SK Slavia Praha,Paphos FC,FK Kairat
